sid,latitude,longitude,pre_decimal_lat_street,pre_decimal_lng_street,hub_id
10100,19.01912078710022,73.02250164871162,19,73,10
10101,19.01185339765106,73.02032774981592,19,73,10
10102,19.01446113280594,73.02504437890411,19,73,10
10103,19.017102519499122,73.02311739470822,19,73,10
10104,19.015422483492124,73.0225345333803,19,73,10
10105,19.01994255347374,73.02541076682793,19,73,10
10106,19.013737445402896,73.02823121076722,19,73,10
10107,19.018053302167836,73.02300736970577,19,73,10
10108,19.011681167205488,73.0279305425967,19,73,10
10109,19.015334838661502,73.02742334079392,19,73,10
10110,19.01836400460799,73.02820269778508,19,73,10
10111,19.01136146776325,73.02500016708923,19,73,10
10112,19.017746321581445,73.02792550856728,19,73,10
10113,19.01182025139968,73.02480245500658,19,73,10
10114,19.0133641148573,73.02991261916112,19,73,10
10115,19.017783920340946,73.02067036890737,19,73,10
10116,19.011741785009153,73.02667922446206,19,73,10
10117,19.012523718115975,73.02905141752316,19,73,10
10118,19.012786050343035,73.02180235962696,19,73,10
10119,19.016482353181747,73.02879599718057,19,73,10
10120,19.01686360010728,73.02449150520333,19,73,10
10121,19.01765871669258,73.02850762579561,19,73,10
10122,19.016104737506176,73.02718831618644,19,73,10
10123,19.01065807627754,73.02639202346771,19,73,10
10124,19.01188286036745,73.02731835180886,19,73,10
10125,19.013253925978088,73.02414505357827,19,73,10
10126,19.015245658679913,73.02702869846303,19,73,10
10127,19.014181892289336,73.02123507616581,19,73,10
10128,19.011919975049082,73.02141115769298,19,73,10
10129,19.01785453048711,73.02461815589689,19,73,10
10130,19.013038359224822,73.02234317789053,19,73,10
10131,19.017612737847717,73.0235471668577,19,73,10
10132,19.01514424603891,73.02087357573589,19,73,10
10133,19.016175407908538,73.02448555295742,19,73,10
10134,19.01563596234423,73.02065828508364,19,73,10
10135,19.01797169489194,73.02454402141113,19,73,10
10136,19.01049739436518,73.02501882995476,19,73,10
10137,19.012220484455526,73.02747515485967,19,73,10
10138,19.0131444834673,73.02152929723138,19,73,10
10139,19.0151083994503,73.02710902181694,19,73,10
10140,19.012679241946543,73.02245465457459,19,73,10
10141,19.011186772522024,73.02521583125281,19,73,10
10142,19.01252882667212,73.02500615540353,19,73,10
10143,19.013414632351854,73.0232923766689,19,73,10
10144,19.014933562397403,73.02201185253415,19,73,10
10145,19.016419910270326,73.02566279609792,19,73,10
10146,19.01883176180549,73.02867758855245,19,73,10
10147,19.017367107044937,73.02472718612233,19,73,10
10148,19.01512053678817,73.02350779136367,19,73,10
10149,19.017235148798076,73.02918627119593,19,73,10
10150,19.014633623848006,73.02749329059425,19,73,10
10151,19.0132583396701,73.0267280556453,19,73,10
10152,19.018008560306544,73.0291022882818,19,73,10
10153,19.011582745256725,73.02595073175829,19,73,10
10154,19.01424367860784,73.02563408770862,19,73,10
10155,19.017829388062403,73.0289800251991,19,73,10
10156,19.0140180906047,73.02019068585527,19,73,10
10157,19.01834681272845,73.02960418249151,19,73,10
10158,19.01551406263604,73.02429745726515,19,73,10
10159,19.019120263316935,73.02721590636469,19,73,10
10160,19.01430387094647,73.02502689384157,19,73,10
10161,19.015486271109886,73.02081326068637,19,73,10
10162,19.01277224729758,73.02005849157631,19,73,10
10163,19.01799281432446,73.02284588892104,19,73,10
10164,19.014210355066563,73.02205243813823,19,73,10
10165,19.016393863018553,73.02438940887386,19,73,10
10166,19.010543898265777,73.02179715662967,19,73,10
10167,19.01692113855624,73.02914175586685,19,73,10
10168,19.014946009745298,73.02941078796805,19,73,10
10169,19.01189788356947,73.02325620882355,19,73,10
10170,19.019994610744526,73.0277728661389,19,73,10
10171,19.013504663143742,73.0283058362636,19,73,10
10172,19.011585813737437,73.02557892008868,19,73,10
10173,19.01973542515602,73.02991997703626,19,73,10
10174,19.017796476576375,73.02431465944804,19,73,10
10175,19.015288700920042,73.02391337403614,19,73,10
10176,19.015560378810807,73.02358150811462,19,73,10
10177,19.016297852875727,73.02421468626866,19,73,10
10178,19.012932595083623,73.02209452912764,19,73,10
10179,19.01046643582179,73.02473383332672,19,73,10
10180,19.015118243024126,73.02062091797018,19,73,10
10181,19.012791125489983,73.02220792326546,19,73,10
10182,19.018756629202294,73.02438223930575,19,73,10
10183,19.01576571926568,73.02620075303685,19,73,10
10184,19.01602364180159,73.0280644967576,19,73,10
10185,19.01513157207019,73.02858532470687,19,73,10
10186,19.011070308892556,73.0252429296734,19,73,10
10187,19.012258568677467,73.02154913249974,19,73,10
10188,19.01447072349666,73.02243768326193,19,73,10
10189,19.01694336171124,73.0242198659161,19,73,10
10190,19.01627490136524,73.02828254356766,19,73,10
10191,19.012183589937617,73.02490205255448,19,73,10
10192,19.010544044346833,73.02683994149082,19,73,10
10193,19.019746680689387,73.02491900723984,19,73,10
10194,19.01330672513851,73.02834841641733,19,73,10
10195,19.014390305729663,73.02608227027179,19,73,10
10196,19.013714819197773,73.02549862603917,19,73,10
10197,19.0147705314364,73.02627326934093,19,73,10
10198,19.0126360060851,73.0290519354808,19,73,10
10199,19.014480969351784,73.02272565351277,19,73,10
11100,19.216387429506263,73.22406754803389,19,73,11
11101,19.216817225878803,73.22191443797662,19,73,11
11102,19.2131023256405,73.22768826094966,19,73,11
11103,19.214391360894766,73.22396901050112,19,73,11
11104,19.21884225230647,73.22530780643916,19,73,11
11105,19.21572771078694,73.22361668847299,19,73,11
11106,19.21234897849893,73.22109515285524,19,73,11
11107,19.211592916710195,73.22591514783656,19,73,11
11108,19.21401778192006,73.22574619742346,19,73,11
11109,19.211777222899865,73.22571500817034,19,73,11
11110,19.2103052893385,73.2256855710793,19,73,11
11111,19.21046554400724,73.22748457449757,19,73,11
11112,19.212742702552156,73.22123288013307,19,73,11
11113,19.21153222385027,73.22261631603745,19,73,11
11114,19.21244015781519,73.22380024306595,19,73,11
11115,19.214617168698876,73.2292165937604,19,73,11
11116,19.21598377351321,73.22204110011864,19,73,11
11117,19.218687188471417,73.2202470946882,19,73,11
11118,19.213577552324256,73.22719290991918,19,73,11
11119,19.215874104546153,73.22352083493888,19,73,11
11120,19.218987052097397,73.22178111472783,19,73,11
11121,19.215660258167482,73.22065162786201,19,73,11
11122,19.215474599574527,73.22016609201918,19,73,11
11123,19.21008479519877,73.22717740719159,19,73,11
11124,19.21848091992275,73.22280524887854,19,73,11
11125,19.21839376540818,73.22261255741245,19,73,11
11126,19.219738231547748,73.2281293885688,19,73,11
11127,19.219536055449197,73.22437861532265,19,73,11
11128,19.219493604091383,73.22880277193472,19,73,11
11129,19.21180695950595,73.22586396066424,19,73,11
11130,19.21127345825986,73.22223905056526,19,73,11
11131,19.214252215820245,73.22679039321898,19,73,11
11132,19.218596483720827,73.22355555588474,19,73,11
11133,19.219678213059908,73.22850529277083,19,73,11
11134,19.212521839678725,73.22762128052099,19,73,11
11135,19.219564120734518,73.22394487009082,19,73,11
11136,19.21754115175861,73.22996654007322,19,73,11
11137,19.216527301985725,73.22122433571704,19,73,11
11138,19.210055069599335,73.22142412286591,19,73,11
11139,19.211239053535653,73.22150524076677,19,73,11
11140,19.21129415561183,73.22665249323768,19,73,11
11141,19.21204411387803,73.2265747783482,19,73,11
11142,19.214243722931613,73.22406319496392,19,73,11
11143,19.216615405573876,73.22266651212425,19,73,11
11144,19.216638126521367,73.22875698848979,19,73,11
11145,19.214505588389446,73.2217471882921,19,73,11
11146,19.210604326656036,73.22029675110893,19,73,11
11147,19.217176250442034,73.22674243033575,19,73,11
11148,19.217189027068272,73.22269289588624,19,73,11
11149,19.219118848422372,73.22373084233973,19,73,11
11150,19.21131152118113,73.22784199853517,19,73,11
11151,19.21760471570291,73.22384903378725,19,73,11
11152,19.21542274029004,73.22818192940177,19,73,11
11153,19.211648746455815,73.22563189580468,19,73,11
11154,19.215788610449064,73.22470582315724,19,73,11
11155,19.21319532411538,73.22631480284505,19,73,11
11156,19.219786628668338,73.22948284286616,19,73,11
11157,19.21595898448823,73.22915392922472,19,73,11
11158,19.216506324474835,73.22229208273075,19,73,11
11159,19.213705986933544,73.22427365331791,19,73,11
11160,19.211319381346186,73.2205906120163,19,73,11
11161,19.214001428986748,73.22737898299982,19,73,11
11162,19.217853298886862,73.22214008186945,19,73,11
11163,19.213417669434957,73.22696921268441,19,73,11
11164,19.21099562275091,73.22896821146364,19,73,11
11165,19.21665557870962,73.22415312346966,19,73,11
11166,19.214772401418163,73.22615614895085,19,73,11
11167,19.21062579094227,73.22720266948232,19,73,11
11168,19.21585542918087,73.22423212278501,19,73,11
11169,19.210099194055463,73.22091400654534,19,73,11
11170,19.214932589145818,73.22172663711747,19,73,11
11171,19.218569701518806,73.22676555126553,19,73,11
11172,19.213586637574462,73.2258042388779,19,73,11
11173,19.219804206093897,73.2274540973718,19,73,11
11174,19.21983575155245,73.22615340275647,19,73,11
11175,19.213610598572643,73.22441941633278,19,73,11
11176,19.216303659037933,73.22192624841885,19,73,11
11177,19.215415958098394,73.22944783288035,19,73,11
11178,19.215672744940942,73.22633892867373,19,73,11
11179,19.211060771268507,73.22720625080187,19,73,11
11180,19.215165324572045,73.22075767561256,19,73,11
11181,19.21423350022557,73.22740619596796,19,73,11
11182,19.217579409445495,73.22428452700134,19,73,11
11183,19.21507172336167,73.22173455622935,19,73,11
11184,19.210650553701758,73.2237472083164,19,73,11
11185,19.21220139522392,73.22004011582402,19,73,11
11186,19.217720324720467,73.22740806542679,19,73,11
11187,19.218595202148453,73.22493705881291,19,73,11
11188,19.210833042025186,73.22309405100613,19,73,11
11189,19.213367458737125,73.22582115319703,19,73,11
11190,19.216350497275112,73.2249411617816,19,73,11
11191,19.21507208960048,73.22691594782297,19,73,11
11192,19.214845649994118,73.22787517647558,19,73,11
11193,19.21759947595516,73.22413163849842,19,73,11
11194,19.211248006003736,73.2208851572244,19,73,11
11195,19.21150504625242,73.22655284558085,19,73,11
11196,19.21189316926886,73.22391925479978,19,73,11
11197,19.218808836513283,73.22930979520919,19,73,11
11198,19.213459046905484,73.2251722905192,19,73,11
11199,19.219772868343448,73.22567058308469,19,73,11
12100,19.418750719473458,73.4265795738557,19,73,12
12101,19.419079238864313,73.42017274525183,19,73,12
12102,19.41493787458489,73.42192553520674,19,73,12
12103,19.41478877087343,73.42019604114631,19,73,12
12104,19.411510875528887,73.42121520480998,19,73,12
12105,19.413938200561397,73.42779816202277,19,73,12
12106,19.418774809908758,73.42314318125251,19,73,12
12107,19.41776604390096,73.42128270429956,19,73,12
12108,19.41442398156784,73.4217650484269,19,73,12
12109,19.41650502039518,73.42258267019662,19,73,12
12110,19.415894579485492,73.4296957560734,19,73,12
12111,19.413954160974594,73.42410242987893,19,73,12
12112,19.416053417742962,73.42593272341277,19,73,12
12113,19.411325525317775,73.42027683609493,19,73,12
12114,19.41753407214763,73.42850319081386,19,73,12
12115,19.412134073214265,73.42769511240539,19,73,12
12116,19.416539138173164,73.42568588702453,19,73,12
12117,19.41424507047716,73.42847871290034,19,73,12
12118,19.415356614671698,73.42798753281834,19,73,12
12119,19.411136883856308,73.42220038917489,19,73,12
12120,19.413105357252952,73.42285507246675,19,73,12
12121,19.417977007302557,73.42310040251137,19,73,12
12122,19.419224858179632,73.42057535291255,19,73,12
12123,19.412300617964814,73.42960538022777,19,73,12
12124,19.412055615281496,73.4263708145772,19,73,12
12125,19.419672647045275,73.42136743325733,19,73,12
12126,19.416498373754756,73.4245964165469,19,73,12
12127,19.417522135442294,73.42207739756122,19,73,12
12128,19.41860788073422,73.42340578478601,19,73,12
12129,19.41799875731493,73.42092222910709,19,73,12
12130,19.414084652342538,73.42370229107647,19,73,12
12131,19.41046470974136,73.42661966618425,19,73,12
12132,19.41115461268628,73.42665615898018,19,73,12
12133,19.41701124529171,73.42606926354213,19,73,12
12134,19.417666024188744,73.42282865675585,19,73,12
12135,19.418476916042117,73.42507553685964,19,73,12
12136,19.41916804911148,73.42172432190185,19,73,12
12137,19.4179197473254,73.42172600497484,19,73,12
12138,19.418724769115613,73.4248319502128,19,73,12
12139,19.413761407017954,73.42688194271295,19,73,12
12140,19.41193063854519,73.42913589995418,19,73,12
12141,19.413043590662916,73.428196505641,19,73,12
12142,19.413515780966637,73.42625298417111,19,73,12
12143,19.41177749249847,73.42337575725074,19,73,12
12144,19.412936320397876,73.42210881682321,19,73,12
12145,19.41699797081873,73.42843094670573,19,73,12
12146,19.41945841682888,73.42208466017355,19,73,12
12147,19.414531195442855,73.42703845642161,19,73,12
12148,19.419190366627408,73.42317632223194,19,73,12
12149,19.41450169273462,73.42183572930459,19,73,12
12150,19.413417862020253,73.42914570240893,19,73,12
12151,19.418538104057983,73.42165885217838,19,73,12
12152,19.41870720436235,73.4202900856513,19,73,12
12153,19.417861846823232,73.4280462085584,19,73,12
12154,19.41131479034008,73.42844817420445,19,73,12
12155,19.414987559775515,73.42324189179705,19,73,12
12156,19.414037252208313,73.42642140895917,19,73,12
12157,19.416316297032246,73.42372742039782,19,73,12
12158,19.414080444305608,73.42886901394641,19,73,12
12159,19.41488823977941,73.42208626519415,19,73,12
12160,19.416179118021304,73.42937668825603,19,73,12
12161,19.419085884693658,73.42797496062727,19,73,12
12162,19.416635638625976,73.42031492650409,19,73,12
12163,19.41348922315845,73.420743062657,19,73,12
12164,19.41958338964638,73.42217239871854,19,73,12
12165,19.41405517074098,73.42932492609737,19,73,12
12166,19.418511850671187,73.42205520495492,19,73,12
12167,19.41507258807975,73.4224972523726,19,73,12
12168,19.41108983034761,73.4226076970905,19,73,12
12169,19.41508295938561,73.42497163047419,19,73,12
12170,19.41592420211536,73.42171422311932,19,73,12
12171,19.419094343505172,73.42409108225621,19,73,12
12172,19.41753374013484,73.42427623756052,19,73,12
12173,19.41730314660636,73.42431291423597,19,73,12
12174,19.41231093321926,73.42150509398643,19,73,12
12175,19.41173131866438,73.42196964940749,19,73,12
12176,19.415008831353788,73.42044961224136,19,73,12
12177,19.412060099062046,73.4255189811574,19,73,12
12178,19.416770831326332,73.42819971517729,19,73,12
12179,19.417499871299672,73.42307430799362,19,73,12
12180,19.416741440498523,73.42659622882042,19,73,12
12181,19.418338261908477,73.42747483838518,19,73,12
12182,19.411686576074686,73.42727143654416,19,73,12
12183,19.41617491310363,73.4271994110472,19,73,12
12184,19.416478121658077,73.4236280458399,19,73,12
12185,19.41811414027828,73.42525929835621,19,73,12
12186,19.41450758559475,73.42788245377248,19,73,12
12187,19.41791735655158,73.42528365733246,19,73,12
12188,19.414925476596604,73.42533652941287,19,73,12
12189,19.415814861708043,73.42977844284313,19,73,12
12190,19.414114465354682,73.42236496677333,19,73,12
12191,19.418463477066705,73.4273189878866,19,73,12
12192,19.415352726494167,73.4206242057245,19,73,12
12193,19.4180827647735,73.42871598753423,19,73,12
12194,19.41702539314754,73.42594263082968,19,73,12
12195,19.410485751165808,73.42507942643556,19,73,12
12196,19.41492475257129,73.4269411240951,19,73,12
12197,19.416093335444426,73.42322301021822,19,73,12
12198,19.413928217135528,73.42626524744914,19,73,12
12199,19.412018220576627,73.4277505412586,19,73,12
13100,19.614606941431454,73.62730885966529,19,73,13
13101,19.61120146529506,73.62244788596817,19,73,13
13102,19.613405809364025,73.6252388011601,19,73,13
13103,19.610269772185077,73.62115619336419,19,73,13
13104,19.61747904936744,73.62717699550318,19,73,13
13105,19.61869003658763,73.62056798861747,19,73,13
13106,19.615085860208826,73.62190698151994,19,73,13
13107,19.614232080902045,73.62431289149612,19,73,13
13108,19.617832581647882,73.62566488582483,19,73,13
13109,19.61493362930431,73.62272372043002,19,73,13
13110,19.61713180473936,73.62594036826985,19,73,13
13111,19.610184709802922,73.6217384638284,19,73,13
13112,19.61433007446796,73.62940485748408,19,73,13
13113,19.613609887319367,73.62064729029683,19,73,13
13114,19.610396761965507,73.62447763320243,19,73,13
13115,19.61501925331381,73.6283189527928,19,73,13
13116,19.610448431561295,73.62171209662239,19,73,13
13117,19.612179499030624,73.6220108341079,19,73,13
13118,19.618139867886534,73.6262937399453,19,73,13
13119,19.61159880656302,73.62769209883214,19,73,13
13120,19.61663746419276,73.6201041825579,19,73,13
13121,19.612796623080026,73.62573081881771,19,73,13
13122,19.61780723196153,73.62977170695589,19,73,13
13123,19.61975880272848,73.62624951798661,19,73,13
13124,19.613873401998408,73.62580044560627,19,73,13
13125,19.619001340289948,73.6234634858096,19,73,13
13126,19.617800968586636,73.62701961659329,19,73,13
13127,19.61256411501778,73.62141348336661,19,73,13
13128,19.61188004947444,73.6244409535158,19,73,13
13129,19.618674722950132,73.62279958308832,19,73,13
13130,19.618020701216214,73.62508936976971,19,73,13
13131,19.617042021437292,73.62732920080644,19,73,13
13132,19.61883140158562,73.62699001739172,19,73,13
13133,19.618165326897916,73.62164287954697,19,73,13
13134,19.612536259585603,73.62492520313958,19,73,13
13135,19.611268649138346,73.62215557540024,19,73,13
13136,19.619069724920628,73.62629326932256,19,73,13
13137,19.61964659925892,73.62120449952293,19,73,13
13138,19.619745707815774,73.62588673413615,19,73,13
13139,19.61771746652242,73.62193123348634,19,73,13
13140,19.611015598784377,73.6203417053989,19,73,13
13141,19.616240116329518,73.62465802544473,19,73,13
13142,19.615245098971652,73.62425025752498,19,73,13
13143,19.611632740900248,73.62505534645709,19,73,13
13144,19.61234370022439,73.62252469885776,19,73,13
13145,19.610203105557936,73.62047465389946,19,73,13
13146,19.61884359022053,73.62508315348322,19,73,13
13147,19.61534233032795,73.62500128686476,19,73,13
13148,19.615237658711685,73.62872462092237,19,73,13
13149,19.61963830406623,73.6244056224803,19,73,13
13150,19.61277703533833,73.62110835307669,19,73,13
13151,19.61544571816347,73.62538741379635,19,73,13
13152,19.612812252220913,73.62300085825846,19,73,13
13153,19.615903618379296,73.62480207796582,19,73,13
13154,19.61224515204788,73.62901420241072,19,73,13
13155,19.612957003729925,73.6201909319833,19,73,13
13156,19.617253562183322,73.62193950658266,19,73,13
13157,19.619661042123596,73.62534767075951,19,73,13
13158,19.616752964924256,73.62134918943352,19,73,13
13159,19.617269706621276,73.6273746902634,19,73,13
13160,19.613959411444856,73.62930134995122,19,73,13
13161,19.612933966952628,73.62515521437788,19,73,13
13162,19.61928037551468,73.62201880131731,19,73,13
13163,19.616870087636563,73.62129290220223,19,73,13
13164,19.61250754497601,73.62721842353444,19,73,13
13165,19.611303050267143,73.62733854161196,19,73,13
13166,19.612732625946457,73.62398065638055,19,73,13
13167,19.614509178096693,73.62397987172955,19,73,13
13168,19.612823950340946,73.6288128903047,19,73,13
13169,19.612500308601593,73.62439383665229,19,73,13
13170,19.61745806125909,73.62014812196075,19,73,13
13171,19.61276074022257,73.62792028157283,19,73,13
13172,19.61127921078947,73.62815035262665,19,73,13
13173,19.610885951920896,73.62263400291806,19,73,13
13174,19.618321517642574,73.62146143208484,19,73,13
13175,19.61786796700629,73.62972678387507,19,73,13
13176,19.610844014715607,73.62763396622756,19,73,13
13177,19.61663604632626,73.62839826431012,19,73,13
13178,19.612214741941674,73.62063441929499,19,73,13
13179,19.617017635007226,73.62691711408655,19,73,13
13180,19.611113615024127,73.62091599025392,19,73,13
13181,19.611389247429564,73.62658695053402,19,73,13
13182,19.6131452058405,73.6207703219931,19,73,13
13183,19.617463960732632,73.62434257745316,19,73,13
13184,19.61776291086009,73.62564127923338,19,73,13
13185,19.61737758604968,73.625375704712,19,73,13
13186,19.61528310657897,73.62890846020336,19,73,13
13187,19.612737796702685,73.62265017759283,19,73,13
13188,19.611492105396337,73.6204472973041,19,73,13
13189,19.613593652914663,73.62801634241406,19,73,13
13190,19.619809929582768,73.62924794007614,19,73,13
13191,19.617249816083547,73.62156722362772,19,73,13
13192,19.612772139358977,73.62420006823244,19,73,13
13193,19.61874903853643,73.62333803908962,19,73,13
13194,19.618692915146795,73.62181674331612,19,73,13
13195,19.617073347558122,73.62468093746143,19,73,13
13196,19.61773948217051,73.62874269773779,19,73,13
13197,19.61282356291684,73.62802631008051,19,73,13
13198,19.615315067841255,73.62765349970694,19,73,13
13199,19.619170650308526,73.62490456204912,19,73,13
14100,19.810243476152063,73.82538582724942,19,73,14
14101,19.813988257352563,73.82035617459586,19,73,14
14102,19.81925042672495,73.82721502061148,19,73,14
14103,19.812156265887886,73.82194130135309,19,73,14
14104,19.814795687954355,73.82415531931694,19,73,14
14105,19.816904978913595,73.82088414104739,19,73,14
14106,19.81371769175199,73.82824615208385,19,73,14
14107,19.813376690939478,73.82436125482675,19,73,14
14108,19.816083827896104,73.827563893309,19,73,14
14109,19.81665064252683,73.82199838770327,19,73,14
14110,19.819053995527206,73.82852835483902,19,73,14
14111,19.814378809658205,73.82299574194663,19,73,14
14112,19.81653516865728,73.82019804271073,19,73,14
14113,19.815412060587157,73.82860521201742,19,73,14
14114,19.81039759381957,73.82501395039306,19,73,14
14115,19.810913459824352,73.82699148472507,19,73,14
14116,19.81280111297961,73.82438932103193,19,73,14
14117,19.81950972122563,73.82275791051147,19,73,14
14118,19.814509540795832,73.82583163584974,19,73,14
14119,19.813218842695484,73.8282182172735,19,73,14
14120,19.812027687911396,73.82339512692815,19,73,14
14121,19.817261464911702,73.82378609396957,19,73,14
14122,19.812572460605242,73.82951155601326,19,73,14
14123,19.81367543923863,73.82942794089887,19,73,14
14124,19.811973570106375,73.82448712999803,19,73,14
14125,19.816395037988976,73.82504852064807,19,73,14
14126,19.81888590352379,73.82625952973464,19,73,14
14127,19.815502518332018,73.82924480801219,19,73,14
14128,19.818632819574578,73.82207321972567,19,73,14
14129,19.810158545913108,73.82849382120028,19,73,14
14130,19.811091080933103,73.82683148555398,19,73,14
14131,19.811093718176895,73.82734595025076,19,73,14
14132,19.81270040534961,73.82374922528003,19,73,14
14133,19.819832723119244,73.82611222910928,19,73,14
14134,19.8172558157103,73.82539516899449,19,73,14
14135,19.811222484801537,73.82850706360519,19,73,14
14136,19.815390463254857,73.82935046370082,19,73,14
14137,19.819592195038584,73.8203127368763,19,73,14
14138,19.81349923114361,73.8236579790923,19,73,14
14139,19.819935664123232,73.8204163060362,19,73,14
14140,19.8186563532151,73.82228676925979,19,73,14
14141,19.816719279086186,73.82757336421678,19,73,14
14142,19.812243397392507,73.8270211096087,19,73,14
14143,19.8192786507256,73.8242039807166,19,73,14
14144,19.815810855082635,73.82074573664052,19,73,14
14145,19.81032590724405,73.82408445846282,19,73,14
14146,19.81238229316428,73.82454071681542,19,73,14
14147,19.81828997549417,73.82680563204572,19,73,14
14148,19.81793052100177,73.82096598960091,19,73,14
14149,19.813678841124432,73.82813584162342,19,73,14
14150,19.815390580728202,73.82384847785366,19,73,14
14151,19.81236571953942,73.82569307155256,19,73,14
14152,19.811375317801147,73.82987701127144,19,73,14
14153,19.818176090857452,73.8219462707038,19,73,14
14154,19.81538253215262,73.82997769706621,19,73,14
14155,19.816222043990294,73.82111152920884,19,73,14
14156,19.815689435935326,73.82511013852209,19,73,14
14157,19.81442757611457,73.8209535613773,19,73,14
14158,19.819258349399778,73.82264506746769,19,73,14
14159,19.814036418649923,73.82616628666612,19,73,14
14160,19.819161995946516,73.82767516089021,19,73,14
14161,19.81127017662077,73.82565342783376,19,73,14
14162,19.813873201355655,73.82448894008685,19,73,14
14163,19.813472831617187,73.82129754467255,19,73,14
14164,19.815470222375247,73.82827062305626,19,73,14
14165,19.819336517754166,73.82383585659426,19,73,14
14166,19.81892183569058,73.82142472813193,19,73,14
14167,19.811913696091835,73.8255467091638,19,73,14
14168,19.818228351231806,73.82162961656407,19,73,14
14169,19.811740317364986,73.82225571594479,19,73,14
14170,19.816737749241412,73.82258588622217,19,73,14
14171,19.819840686534913,73.82132689480378,19,73,14
14172,19.818700157775865,73.82167804412512,19,73,14
14173,19.814034339365854,73.82274349412933,19,73,14
14174,19.818475396263405,73.82275886358573,19,73,14
14175,19.81015985613583,73.82369900744565,19,73,14
14176,19.81751071646276,73.82282015728906,19,73,14
14177,19.81016376610962,73.82491382399886,19,73,14
14178,19.816579635089486,73.82917385331938,19,73,14
14179,19.81116570464543,73.82978168131257,19,73,14
14180,19.813483570301187,73.82479636683492,19,73,14
14181,19.815902959413037,73.82310678636522,19,73,14
14182,19.810454229936397,73.82131725651014,19,73,14
14183,19.819031937687686,73.82409796422229,19,73,14
14184,19.810908314302246,73.82611197221883,19,73,14
14185,19.817718289437046,73.82058077111893,19,73,14
14186,19.816681968788572,73.82408774659349,19,73,14
14187,19.815855137532576,73.82379497832962,19,73,14
14188,19.819611151814833,73.82724281150217,19,73,14
14189,19.81022223057062,73.82817830062797,19,73,14
14190,19.810041850156065,73.8253602555304,19,73,14
14191,19.817923376465885,73.82203430160492,19,73,14
14192,19.81702489476116,73.8283137242157,19,73,14
14193,19.812263554184668,73.82909877558318,19,73,14
14194,19.819298417238418,73.82106072581563,19,73,14
14195,19.81492448016697,73.82901714671762,19,73,14
14196,19.810101754636243,73.82425794592974,19,73,14
14197,19.810651457820477,73.8242011028622,19,73,14
14198,19.816303496202938,73.82346111142861,19,73,14
14199,19.818921749271276,73.82396287667834,19,73,14
15100,20.010903329396587,74.02575892201294,20,74,15
15101,20.011608245376845,74.02837792876593,20,74,15
15102,20.019870873356364,74.02264909059356,20,74,15
15103,20.012125151643247,74.02258491588503,20,74,15
15104,20.015887982106335,74.02103283103558,20,74,15
15105,20.010301294200612,74.02125637332719,20,74,15
15106,20.01756834449589,74.02572024788364,20,74,15
15107,20.014015353069894,74.02509536185904,20,74,15
15108,20.014258181918677,74.02168173227955,20,74,15
15109,20.012835475471228,74.02796184627289,20,74,15
15110,20.016597606504867,74.02919322861709,20,74,15
15111,20.013465438139303,74.02398473602773,20,74,15
15112,20.019284982204407,74.02960504485029,20,74,15
15113,20.016989545304977,74.02380029483638,20,74,15
15114,20.016037266557408,74.02678010769235,20,74,15
15115,20.01721359997792,74.02662144959045,20,74,15
15116,20.017023837120057,74.02251802351964,20,74,15
15117,20.012192311420442,74.0260460677464,20,74,15
15118,20.013027194658562,74.02558147946861,20,74,15
15119,20.014977160819942,74.02924040796678,20,74,15
15120,20.018146178818718,74.02433755147959,20,74,15
15121,20.014196825539898,74.02801099168609,20,74,15
15122,20.016668312415764,74.02490530628634,20,74,15
15123,20.01167453068358,74.0254754782463,20,74,15
15124,20.016283140899368,74.02687498930086,20,74,15
15125,20.01951939531304,74.02898853744523,20,74,15
15126,20.01016772008699,74.02246232430487,20,74,15
15127,20.018874127026894,74.026916407371,20,74,15
15128,20.01121430202279,74.02548038129622,20,74,15
15129,20.010050055542067,74.02703473181286,20,74,15
15130,20.01948275439234,74.02458276736992,20,74,15
15131,20.012769514899624,74.02597230464832,20,74,15
15132,20.016486131901218,74.02186502869665,20,74,15
15133,20.018304126238192,74.0295237707174,20,74,15
15134,20.01858818618687,74.02406729494828,20,74,15
15135,20.010571925066078,74.02587909139383,20,74,15
15136,20.017786905921316,74.02088638506746,20,74,15
15137,20.016684951707656,74.02469724065463,20,74,15
15138,20.015335269111752,74.02663685824807,20,74,15
15139,20.018492240955318,74.02226611717533,20,74,15
15140,20.01897658049086,74.02303060993155,20,74,15
15141,20.01220920717715,74.02851509769502,20,74,15
15142,20.01316159169941,74.02044777712432,20,74,15
15143,20.01108543317859,74.02313335874327,20,74,15
15144,20.011841656551102,74.02799093418275,20,74,15
15145,20.011481337932242,74.02330684401679,20,74,15
15146,20.01631468312921,74.02202879287242,20,74,15
15147,20.01186173706775,74.02579695183832,20,74,15
15148,20.0112155357854,74.02131194566718,20,74,15
15149,20.018591712550197,74.02624528696927,20,74,15
15150,20.010441886711796,74.02880671087269,20,74,15
15151,20.011691606348958,74.02559123884318,20,74,15
15152,20.011874679711163,74.02821489013502,20,74,15
15153,20.01868191704722,74.0228207713661,20,74,15
15154,20.012300263329912,74.02317620757154,20,74,15
15155,20.0158520341275,74.02761032817037,20,74,15
15156,20.015982173435056,74.02239037394561,20,74,15
15157,20.012305780942643,74.0238425996266,20,74,15
15158,20.01363209083288,74.02306743256504,20,74,15
15159,20.013209698278757,74.02923549059692,20,74,15
15160,20.01656618141067,74.02293274849333,20,74,15
15161,20.01317680417742,74.02083476387655,20,74,15
15162,20.01237561644255,74.0229079770145,20,74,15
15163,20.017082229187817,74.02364586444277,20,74,15
15164,20.017183738539767,74.02964980122613,20,74,15
15165,20.01023641958696,74.02335366392852,20,74,15
15166,20.01798945433407,74.026404832679,20,74,15
15167,20.017765802701167,74.0236690259096,20,74,15
15168,20.013665674249495,74.02891469941142,20,74,15
15169,20.019406677902694,74.02406878742948,20,74,15
15170,20.0174861837534,74.02028114714585,20,74,15
15171,20.013337072007264,74.0248284571139,20,74,15
15172,20.010431851995133,74.02281311731423,20,74,15
15173,20.018045426564694,74.02443047852877,20,74,15
15174,20.019400903346817,74.024918399602,20,74,15
15175,20.012827436859215,74.02567853328803,20,74,15
15176,20.019488162048194,74.02365400882654,20,74,15
15177,20.015521411180014,74.02168459746869,20,74,15
15178,20.010895808355865,74.0274991363142,20,74,15
15179,20.011206608394545,74.02072310097428,20,74,15
15180,20.014621526195175,74.02458422739488,20,74,15
15181,20.01203608957739,74.02750920282966,20,74,15
15182,20.018902809747356,74.02707035706976,20,74,15
15183,20.019801448919115,74.02988770348442,20,74,15
15184,20.012821753885557,74.02647383064783,20,74,15
15185,20.017472060863955,74.02312291313828,20,74,15
15186,20.012193913902127,74.02195799119838,20,74,15
15187,20.013628005191805,74.02119515571142,20,74,15
15188,20.015873363859022,74.0254647124895,20,74,15
15189,20.018183446055573,74.02784913467045,20,74,15
15190,20.01656222342737,74.02573373349732,20,74,15
15191,20.017643064516793,74.02903371357534,20,74,15
15192,20.018862130516606,74.02711148141326,20,74,15
15193,20.01457905554999,74.02445581312982,20,74,15
15194,20.01345570145428,74.0296496496839,20,74,15
15195,20.012251675392626,74.02560101097814,20,74,15
15196,20.016179426025523,74.0250277207528,20,74,15
15197,20.018511804266318,74.02494391206356,20,74,15
15198,20.015563508345025,74.02801728584322,20,74,15
15199,20.01624798962838,74.02920389831665,20,74,15
16100,20.210781756525236,74.22282958297782,20,74,16
16101,20.218204112781713,74.2266536807045,20,74,16
16102,20.218474091199127,74.22635392933974,20,74,16
16103,20.21248234009193,74.22420069504885,20,74,16
16104,20.21518623234312,74.22742445128159,20,74,16
16105,20.218181652375296,74.22447276202111,20,74,16
16106,20.21140957846896,74.22445763016282,20,74,16
16107,20.218931617619635,74.22909840539174,20,74,16
16108,20.213269464964057,74.22619707873278,20,74,16
16109,20.21316349751248,74.22539144979898,20,74,16
16110,20.210337747887376,74.22711259797634,20,74,16
16111,20.216084379862828,74.22775216315505,20,74,16
16112,20.213298326519336,74.22643370257018,20,74,16
16113,20.21711070305468,74.22754245160401,20,74,16
16114,20.215056147554154,74.22315063464443,20,74,16
16115,20.217171489116666,74.22155858830516,20,74,16
16116,20.21266785727975,74.22342963017769,20,74,16
16117,20.21229160369077,74.22440388371065,20,74,16
16118,20.215139598655654,74.22608361351806,20,74,16
16119,20.215410952393093,74.22475292134035,20,74,16
16120,20.216957225903208,74.22855375557576,20,74,16
16121,20.21352886654192,74.22089233372687,20,74,16
16122,20.212728041173374,74.22930379751817,20,74,16
16123,20.213617230760164,74.22122136358816,20,74,16
16124,20.215638357099472,74.22969676992797,20,74,16
16125,20.219537409157493,74.22355619933923,20,74,16
16126,20.21868315571836,74.22885592767611,20,74,16
16127,20.216493428318508,74.22940971359351,20,74,16
16128,20.215788071668594,74.22607906345597,20,74,16
16129,20.21711364868246,74.22957761701392,20,74,16
16130,20.215671834915305,74.22837528299867,20,74,16
16131,20.214221713354714,74.22910267328861,20,74,16
16132,20.212247692148296,74.22850286220286,20,74,16
16133,20.212662081073997,74.22910995646792,20,74,16
16134,20.212792261869453,74.22012215510881,20,74,16
16135,20.213154927118865,74.22250501946084,20,74,16
16136,20.211288173475868,74.22147462052334,20,74,16
16137,20.213984938094857,74.22523670028767,20,74,16
16138,20.214997262578624,74.22642280460428,20,74,16
16139,20.212948806410104,74.22656901363986,20,74,16
16140,20.21307609656053,74.22228110922988,20,74,16
16141,20.21799320842177,74.22811355645383,20,74,16
16142,20.215132953039046,74.22660182042745,20,74,16
16143,20.213149690571026,74.22683842621264,20,74,16
16144,20.215807930278032,74.22861075609138,20,74,16
16145,20.215971029105773,74.2294654699433,20,74,16
16146,20.218056940380755,74.22929727931047,20,74,16
16147,20.213562498400066,74.22674575879714,20,74,16
16148,20.217051733326596,74.22449227279485,20,74,16
16149,20.213395863170213,74.22573652072529,20,74,16
16150,20.218635845565906,74.22607463145398,20,74,16
16151,20.215122784385077,74.22134359685009,20,74,16
16152,20.210750577770433,74.2234679230416,20,74,16
16153,20.212619065430896,74.22031351560496,20,74,16
16154,20.21181566502695,74.22222482678019,20,74,16
16155,20.211774434490014,74.22777073231613,20,74,16
16156,20.215325064672985,74.22174191820329,20,74,16
16157,20.21372860664955,74.22081261536788,20,74,16
16158,20.218907860806347,74.22484645624162,20,74,16
16159,20.219176036733383,74.22398459572894,20,74,16
16160,20.214894767414876,74.22482582560382,20,74,16
16161,20.21905797385239,74.22011630301208,20,74,16
16162,20.21816961439068,74.227725319335,20,74,16
16163,20.211801436323714,74.22715661333694,20,74,16
16164,20.21540365350703,74.2291340392665,20,74,16
16165,20.2132378840026,74.2216893700525,20,74,16
16166,20.210889698571446,74.22425133166853,20,74,16
16167,20.215845129329388,74.22403137109895,20,74,16
16168,20.210330889597085,74.22623670339796,20,74,16
16169,20.210672523222517,74.22179063906684,20,74,16
16170,20.21936093694313,74.22415318306403,20,74,16
16171,20.212827060762265,74.22231176269321,20,74,16
16172,20.212025818608463,74.22051425043729,20,74,16
16173,20.218450471233798,74.22493516569179,20,74,16
16174,20.213713554923682,74.22864757475602,20,74,16
16175,20.214002404539507,74.2296406653058,20,74,16
16176,20.218380025938366,74.22220714826236,20,74,16
16177,20.216128910153955,74.22874425300094,20,74,16
16178,20.21028604025237,74.22420889739966,20,74,16
16179,20.2190241249868,74.22700067695104,20,74,16
16180,20.21458416607094,74.22594095959066,20,74,16
16181,20.218329799827927,74.2283009625276,20,74,16
16182,20.21618018536459,74.22538622494615,20,74,16
16183,20.213066790822825,74.22201753952866,20,74,16
16184,20.218735015356152,74.22925009869307,20,74,16
16185,20.213184305465255,74.22410254154082,20,74,16
16186,20.214825716067708,74.22927598620403,20,74,16
16187,20.214320274960016,74.22676173779442,20,74,16
16188,20.211272442300626,74.22558610466393,20,74,16
16189,20.21715835865986,74.22115196015646,20,74,16
16190,20.210151937624506,74.2233538999627,20,74,16
16191,20.210587860289824,74.22797339948717,20,74,16
16192,20.217667376856014,74.22964186759852,20,74,16
16193,20.219961751006924,74.22280020241404,20,74,16
16194,20.214068215217676,74.22430260584578,20,74,16
16195,20.21250281112147,74.22752003410213,20,74,16
16196,20.21246663199866,74.229841413184,20,74,16
16197,20.217837935921256,74.2252652454946,20,74,16
16198,20.21323647035034,74.22958643507076,20,74,16
16199,20.218191100076627,74.22234057905604,20,74,16
17100,20.414415633648957,74.42639916790621,20,74,17
17101,20.418761169176065,74.42082354216323,20,74,17
17102,20.417157371216557,74.42523477764918,20,74,17
17103,20.417782785543185,74.42152415045882,20,74,17
17104,20.411117354596495,74.42014766575322,20,74,17
17105,20.410952747811436,74.42972360186273,20,74,17
17106,20.416263815697924,74.42088782106289,20,74,17
17107,20.411819415413238,74.42844441479727,20,74,17
17108,20.412257509258325,74.42778309755498,20,74,17
17109,20.410092692130043,74.42181777961532,20,74,17
17110,20.41732476634,74.42295278363872,20,74,17
17111,20.410582770191464,74.4252079886751,20,74,17
17112,20.415750102682942,74.42726322777193,20,74,17
17113,20.41840486386177,74.42220909988978,20,74,17
17114,20.411204888257508,74.4263418547299,20,74,17
17115,20.410868538283513,74.4296931505865,20,74,17
17116,20.411604029668705,74.42561293244157,20,74,17
17117,20.413250924840415,74.42195652659977,20,74,17
17118,20.41225908524085,74.42361320009185,20,74,17
17119,20.416806331266667,74.42014220314867,20,74,17
17120,20.410509730053793,74.42856845732658,20,74,17
17121,20.417632411067505,74.42065393274963,20,74,17
17122,20.411897371570284,74.42769666511448,20,74,17
17123,20.41648892755536,74.4270306950342,20,74,17
17124,20.41171276111763,74.42103992773353,20,74,17
17125,20.417012985844455,74.42566382630208,20,74,17
17126,20.41083813577007,74.42022454336303,20,74,17
17127,20.41398661914936,74.42158564332797,20,74,17
17128,20.415009531095876,74.42547293209914,20,74,17
17129,20.416672729232207,74.42425099482776,20,74,17
17130,20.418818666909157,74.42369450365638,20,74,17
17131,20.419418410866857,74.42821475097513,20,74,17
17132,20.41619624377674,74.4209756028634,20,74,17
17133,20.412578650861278,74.42252957283775,20,74,17
17134,20.41325879685184,74.42102615587719,20,74,17
17135,20.4198260770689,74.42302827515256,20,74,17
17136,20.41376432638484,74.42936846640914,20,74,17
17137,20.416796808421246,74.4208419023933,20,74,17
17138,20.416898494034182,74.42767014886437,20,74,17
17139,20.412850491365468,74.42217362533819,20,74,17
17140,20.41012608592669,74.42415619822502,20,74,17
17141,20.418734636382485,74.42810135796648,20,74,17
17142,20.415191374454245,74.4267638361191,20,74,17
17143,20.41369707513236,74.4202027428506,20,74,17
17144,20.413328729106198,74.42533597265269,20,74,17
17145,20.41609630133788,74.42572423008521,20,74,17
17146,20.411052495664197,74.42158993813901,20,74,17
17147,20.414750577918102,74.4253779222442,20,74,17
17148,20.410195906611722,74.42495706538803,20,74,17
17149,20.412376456341146,74.42817013052363,20,74,17
17150,20.410011122907505,74.4280988471081,20,74,17
17151,20.417873980876585,74.42563205076324,20,74,17
17152,20.41813917006702,74.42360740060447,20,74,17
17153,20.419740066522305,74.4221221687977,20,74,17
17154,20.418734899960135,74.42715883676249,20,74,17
17155,20.41496082547214,74.42227459182953,20,74,17
17156,20.41004996713817,74.42262320005406,20,74,17
17157,20.414225002323942,74.4295053981069,20,74,17
17158,20.410578867922908,74.4237838501016,20,74,17
17159,20.41953554044185,74.4241255259351,20,74,17
17160,20.41508895866603,74.42587781369403,20,74,17
17161,20.412212825109734,74.424936864696,20,74,17
17162,20.416933966093335,74.42532908338404,20,74,17
17163,20.41878660875644,74.42561678937959,20,74,17
17164,20.41375298618088,74.42295938710653,20,74,17
17165,20.411118688376416,74.42781436385098,20,74,17
17166,20.415379808358853,74.42958038763352,20,74,17
17167,20.41789969118312,74.42167290651892,20,74,17
17168,20.4103641552241,74.42530605159978,20,74,17
17169,20.412130042291764,74.42665879949746,20,74,17
17170,20.412275347479923,74.42333856571453,20,74,17
17171,20.41508063055753,74.42334861018233,20,74,17
17172,20.414297156330594,74.42751549777843,20,74,17
17173,20.417274049841527,74.42886791820715,20,74,17
17174,20.417995912814277,74.42648007120488,20,74,17
17175,20.410977857761242,74.42167418912953,20,74,17
17176,20.413618839321245,74.42604361689952,20,74,17
17177,20.410065391500492,74.42468863328745,20,74,17
17178,20.413083671292238,74.4291165981491,20,74,17
17179,20.41468876134134,74.42975745716859,20,74,17
17180,20.4145764566352,74.42652278861846,20,74,17
17181,20.413099395824325,74.42496542414027,20,74,17
17182,20.41387860081556,74.4266917350432,20,74,17
17183,20.412364659681526,74.42387252793236,20,74,17
17184,20.417863262271425,74.4216699169461,20,74,17
17185,20.417097380116203,74.42465591242654,20,74,17
17186,20.411796928097566,74.42688459651751,20,74,17
17187,20.413045979146922,74.42351518974905,20,74,17
17188,20.41634597643754,74.42631458495796,20,74,17
17189,20.413627188241467,74.42542340080396,20,74,17
17190,20.418887840588557,74.42264781448239,20,74,17
17191,20.419300391103857,74.42603964201093,20,74,17
17192,20.419990984307564,74.42389027793187,20,74,17
17193,20.41675130279332,74.42778058554954,20,74,17
17194,20.418468197038944,74.42818084835983,20,74,17
17195,20.410768198566892,74.42022686262712,20,74,17
17196,20.416636970429245,74.42450897304069,20,74,17
17197,20.41029848829886,74.42455178795127,20,74,17
17198,20.41663431008723,74.42758851871537,20,74,17
17199,20.412414838958956,74.42714067079856,20,74,17
18100,20.6176924691797,74.62405134281617,20,74,18
18101,20.61444432134979,74.62988004462706,20,74,18
18102,20.614484966990194,74.62773704090472,20,74,18
18103,20.614481490543987,74.62151939541637,20,74,18
18104,20.619526500757143,74.62490318064695,20,74,18
18105,20.61530882940428,74.62476747502774,20,74,18
18106,20.616485481751706,74.62225069670214,20,74,18
18107,20.61530734276879,74.62853293906763,20,74,18
18108,20.618314080985815,74.6284726223519,20,74,18
18109,20.6180769664417,74.62248718567743,20,74,18
18110,20.616217701659576,74.62064566121249,20,74,18
18111,20.61636766092519,74.62508665686701,20,74,18
18112,20.618861928637504,74.62577660161486,20,74,18
18113,20.61815500462328,74.62225241179628,20,74,18
18114,20.618065713209774,74.62243303290404,20,74,18
18115,20.619217077591763,74.62824988205513,20,74,18
18116,20.611505656231188,74.62057610442398,20,74,18
18117,20.615195336525236,74.62804534158566,20,74,18
18118,20.619386066006896,74.62717101201439,20,74,18
18119,20.61242466549862,74.62217175399654,20,74,18
18120,20.61310636835779,74.62103387499644,20,74,18
18121,20.615281419386896,74.62278124325881,20,74,18
18122,20.61202370425669,74.62646312691722,20,74,18
18123,20.619006453442722,74.62661152640632,20,74,18
18124,20.61878614891241,74.62469244679832,20,74,18
18125,20.615500269219595,74.62868201253879,20,74,18
18126,20.618840739523662,74.62093621130558,20,74,18
18127,20.61738477472029,74.6283560105133,20,74,18
18128,20.61866613758695,74.62871342571782,20,74,18
18129,20.619183019772258,74.62167173632734,20,74,18
18130,20.616237425143463,74.62596184336297,20,74,18
18131,20.61923484852801,74.62252860872336,20,74,18
18132,20.618152745439502,74.62771866568755,20,74,18
18133,20.61017762584679,74.62343150700339,20,74,18
18134,20.616116776958616,74.62458228921403,20,74,18
18135,20.610153691679635,74.62093459372322,20,74,18
18136,20.61749937601663,74.6209910986655,20,74,18
18137,20.61806250922788,74.62366251974,20,74,18
18138,20.61317115656738,74.62353379617868,20,74,18
18139,20.61431708208344,74.62849293643426,20,74,18
18140,20.61650308468025,74.62281587341921,20,74,18
18141,20.618204994439875,74.62940100852713,20,74,18
18142,20.617936495815744,74.6279934786734,20,74,18
18143,20.618802865297855,74.62237061837553,20,74,18
18144,20.612812351134217,74.62144711437118,20,74,18
18145,20.616131442721656,74.62951954899742,20,74,18
18146,20.6144180549369,74.62390941676131,20,74,18
18147,20.611347829159275,74.6286352537469,20,74,18
18148,20.616727635294538,74.62905088676884,20,74,18
18149,20.61614594913026,74.62063606531599,20,74,18
18150,20.61883179286776,74.6260705172669,20,74,18
18151,20.615906936513323,74.62474119571588,20,74,18
18152,20.613763064933796,74.628303216767,20,74,18
18153,20.617974829413182,74.6296853335032,20,74,18
18154,20.613352684910456,74.62224698138215,20,74,18
18155,20.61081146085014,74.6232472842035,20,74,18
18156,20.614646534005093,74.62117048328068,20,74,18
18157,20.61567735527044,74.62028859031952,20,74,18
18158,20.61070355811227,74.62632568630883,20,74,18
18159,20.61975120068841,74.62155235596013,20,74,18
18160,20.610941451147177,74.62719458700693,20,74,18
18161,20.618257299970697,74.62617393675859,20,74,18
18162,20.615575531815836,74.6250530709532,20,74,18
18163,20.619612918278207,74.62840397344974,20,74,18
18164,20.619936976499524,74.62838283971318,20,74,18
18165,20.61040063979103,74.62964778122493,20,74,18
18166,20.61816873884234,74.62427930961358,20,74,18
18167,20.612769394247945,74.62651784526392,20,74,18
18168,20.618779029338146,74.62462712993765,20,74,18
18169,20.61877895062386,74.6233513506861,20,74,18
18170,20.613357198225305,74.62268702864135,20,74,18
18171,20.61210996816149,74.62167594219585,20,74,18
18172,20.61699479920848,74.62868833854078,20,74,18
18173,20.618777025373635,74.62290711179625,20,74,18
18174,20.612519967442243,74.62949428573748,20,74,18
18175,20.61912491909671,74.62644365659003,20,74,18
18176,20.61422122223407,74.6260479396656,20,74,18
18177,20.61514976211915,74.6224083020694,20,74,18
18178,20.61616091573506,74.6232629138867,20,74,18
18179,20.610847248859052,74.62337420108652,20,74,18
18180,20.618768345152148,74.6251033461263,20,74,18
18181,20.618297932475215,74.62587126116239,20,74,18
18182,20.613981798058404,74.62502299970996,20,74,18
18183,20.618660716661743,74.62662181601365,20,74,18
18184,20.610550113933076,74.62239500963894,20,74,18
18185,20.612891465492325,74.62353329479984,20,74,18
18186,20.613093923320584,74.62601277960924,20,74,18
18187,20.616094086775266,74.62442816679649,20,74,18
18188,20.619709375877115,74.62639338654614,20,74,18
18189,20.614704942808764,74.62948713767207,20,74,18
18190,20.616233505997887,74.62843329547283,20,74,18
18191,20.614355822320977,74.62956319006017,20,74,18
18192,20.61637075930474,74.62235429836528,20,74,18
18193,20.616391590359804,74.62976913826208,20,74,18
18194,20.616778122075807,74.62023220501676,20,74,18
18195,20.61275280210561,74.62751192189941,20,74,18
18196,20.613323219949997,74.62598717894937,20,74,18
18197,20.61231540113184,74.62008365923505,20,74,18
18198,20.616375417576453,74.62390000241167,20,74,18
18199,20.610137167327903,74.62006728579483,20,74,18
19100,20.815008447626454,74.82080462459632,20,74,19
19101,20.812768052027266,74.82821764260927,20,74,19
19102,20.810571564631548,74.8282075364441,20,74,19
19103,20.81038355937126,74.82340568860843,20,74,19
19104,20.81924978293915,74.82699587261594,20,74,19
19105,20.812461678379048,74.82402746719077,20,74,19
19106,20.813972302726782,74.82529025125184,20,74,19
19107,20.81550303601945,74.82373828736124,20,74,19
19108,20.81988508379894,74.82617082445411,20,74,19
19109,20.819753840827133,74.82113852840928,20,74,19
19110,20.812442692841252,74.82055018241644,20,74,19
19111,20.81043290277057,74.82327941772007,20,74,19
19112,20.811180744689466,74.82231642629264,20,74,19
19113,20.81870780778372,74.82149676827207,20,74,19
19114,20.811186381197714,74.82029681290291,20,74,19
19115,20.814931232341902,74.8236439838243,20,74,19
19116,20.817231787572435,74.82649741407809,20,74,19
19117,20.817085903856153,74.82937661234614,20,74,19
19118,20.81450727677619,74.82991596520846,20,74,19
19119,20.815243633327835,74.82915619149925,20,74,19
19120,20.810012627075878,74.8278049128672,20,74,19
19121,20.816836168696327,74.82716156673146,20,74,19
19122,20.812331211335486,74.82842226527816,20,74,19
19123,20.812529341463517,74.82915581360315,20,74,19
19124,20.818456219380657,74.82047703188229,20,74,19
19125,20.81875441882252,74.82445602366025,20,74,19
19126,20.81397511025185,74.82219424861188,20,74,19
19127,20.81686237007392,74.82779448188434,20,74,19
19128,20.81110305904047,74.82942768791595,20,74,19
19129,20.81499590970602,74.82877670568917,20,74,19
19130,20.81870827324626,74.82816790152053,20,74,19
19131,20.81254067262104,74.8244274418611,20,74,19
19132,20.817158349725265,74.8224278874741,20,74,19
19133,20.813503501746332,74.82166943470153,20,74,19
19134,20.813147385496688,74.82686613963419,20,74,19
19135,20.81939771203292,74.82956814855005,20,74,19
19136,20.812580194754872,74.8201053850984,20,74,19
19137,20.81637876600506,74.82334395650703,20,74,19
19138,20.81456386551997,74.82902100862187,20,74,19
19139,20.81218975027989,74.8284469913017,20,74,19
19140,20.810745025869196,74.8222110786841,20,74,19
19141,20.819935038558224,74.82152317274472,20,74,19
19142,20.817981205676247,74.82624259040084,20,74,19
19143,20.817822834953642,74.82539768465536,20,74,19
19144,20.81434623837761,74.82181380940644,20,74,19
19145,20.81195994842703,74.82064757152112,20,74,19
19146,20.816104979802535,74.82680962376185,20,74,19
19147,20.814002093412157,74.82158087837796,20,74,19
19148,20.815959517060275,74.8244739160698,20,74,19
19149,20.81804185163521,74.82550672023726,20,74,19
19150,20.819628468208098,74.82649173450817,20,74,19
19151,20.814018252731678,74.82597544707636,20,74,19
19152,20.81961796126989,74.82746635579332,20,74,19
19153,20.81920311112798,74.82043010130123,20,74,19
19154,20.81293235895001,74.82061662515369,20,74,19
19155,20.811455510250145,74.82629869931465,20,74,19
19156,20.81794261592427,74.82197448565455,20,74,19
19157,20.810097072389492,74.82461360527807,20,74,19
19158,20.816007216673707,74.8271195948535,20,74,19
19159,20.813056572213966,74.82454081767958,20,74,19
19160,20.810554444679052,74.82329196890912,20,74,19
19161,20.814047904864506,74.82693905757526,20,74,19
19162,20.81397679076999,74.82626922628366,20,74,19
19163,20.816199326245698,74.82691373594888,20,74,19
19164,20.818867316695936,74.82083772144459,20,74,19
19165,20.8143755541398,74.82427908024704,20,74,19
19166,20.811088416378126,74.82330828432734,20,74,19
19167,20.813579421005063,74.82562174908732,20,74,19
19168,20.817624754044747,74.82385021834126,20,74,19
19169,20.815813917854086,74.82173033260594,20,74,19
19170,20.81573937837383,74.8205042648864,20,74,19
19171,20.81965754070383,74.82591817406941,20,74,19
19172,20.812903378441778,74.82094351410437,20,74,19
19173,20.814888845863774,74.82452250105297,20,74,19
19174,20.81214623578955,74.8216230899194,20,74,19
19175,20.814926657345868,74.82977372801578,20,74,19
19176,20.817908734189274,74.82442650880944,20,74,19
19177,20.816462549406552,74.82694661726183,20,74,19
19178,20.81536757174398,74.82779307348571,20,74,19
19179,20.813989056256986,74.8220033974383,20,74,19
19180,20.812016176946482,74.82020010839126,20,74,19
19181,20.81253572854881,74.82967885377877,20,74,19
19182,20.813959726094918,74.82418959961154,20,74,19
19183,20.81952656131043,74.82846994741533,20,74,19
19184,20.818406321702103,74.82151649906375,20,74,19
19185,20.8111192238126,74.82956504349647,20,74,19
19186,20.818733581549232,74.82657527344858,20,74,19
19187,20.817229036778674,74.82767689397251,20,74,19
19188,20.819058252204773,74.82080413529611,20,74,19
19189,20.819309854128107,74.82451968763455,20,74,19
19190,20.816507240039208,74.82414756455671,20,74,19
19191,20.81602357645745,74.82458198010794,20,74,19
19192,20.81499764585179,74.82069447413679,20,74,19
19193,20.811212013062995,74.82714243017456,20,74,19
19194,20.81654499817352,74.82246968093496,20,74,19
19195,20.81230411768179,74.82044128973745,20,74,19
19196,20.810518178263873,74.82681920675094,20,74,19
19197,20.818948989398738,74.82686766182188,20,74,19
19198,20.81605114556591,74.82012159960904,20,74,19
19199,20.814382602110165,74.82963803257329,20,74,19
